HLA,HLA_sequence,peptide,y_pred,y_prob
HLA-A*11:01,YYAMYQENVAQTDVDTLYIIYRDYTWAAQAYRWY,AEAFIQSA,0,0.0001
HLA-A*11:01,YYAMYQENVAQTDVDTLYIIYRDYTWAAQAYRWY,AEAFIQ,0,0.0008
HLA-A*11:01,YYAMYQENVAQTDVDTLYIIYRDYTWAAQAYRWY,AEAFIQPI,1,0.5539
HLA-A*68:01,YYAMYRNNVAQTDVDTLYIMYRDYTWAVWAYTWY,KVYEGVWKK,1,1.0
HLA-A*68:01,YYAMYRNNVAQTDVDTLYIMYRDYTWAVWAYTWY,VYEGVWKKA,0,0.0
HLA-A*68:01,YYAMYRNNVAQTDVDTLYIMYRDYTWAVWAYTWY,YEGVWKKAE,0,0.0
HLA-A*68:01,YYAMYRNNVAQTDVDTLYIMYRDYTWAVWAYTWY,EGVWKKAEA,0,0.0
HLA-A*68:01,YYAMYRNNVAQTDVDTLYIMYRDYTWAVWAYTWY,GVWKKAEAF,0,0.0
HLA-A*68:01,YYAMYRNNVAQTDVDTLYIMYRDYTWAVWAYTWY,VWKKAEAFI,0,0.0
HLA-A*68:01,YYAMYRNNVAQTDVDTLYIMYRDYTWAVWAYTWY,WKKAEAFIQ,0,0.0
HLA-A*68:01,YYAMYRNNVAQTDVDTLYIMYRDYTWAVWAYTWY,KKAEAFIQP,0,0.0
HLA-A*68:01,YYAMYRNNVAQTDVDTLYIMYRDYTWAVWAYTWY,KAEAFIQPI,0,0.0
HLA-A*11:01,YYAMYQENVAQTDVDTLYIIYRDYTWAAQAYRWY,EAFIQPITR,1,0.9998
HLA-A*11:01,YYAMYQENVAQTDVDTLYIIYRDYTWAAQAYRWY,KVYEGVWKK,1,1.0
HLA-A*68:01,YYAMYRNNVAQTDVDTLYIMYRDYTWAVWAYTWY,SELFRSGLDSY,0,0.0018
HLA-A*68:01,YYAMYRNNVAQTDVDTLYIMYRDYTWAVWAYTWY,FRSGLDSYV,0,0.0
HLA-A*68:01,YYAMYRNNVAQTDVDTLYIMYRDYTWAVWAYTWY,PSDTRQMLFY,0,0.0017
